https://ebird.org/species/stavir1	meta property="og:title" content="San Andres Vireo - eBird	<link rel="image_src" href="https://cdn.download.ams.birds.cornell.edu/api/v1/asset/143019461/900
https://ebird.org/species/clifly1	meta property="og:title" content="Cliff Flycatcher - eBird	<link rel="image_src" href="https://cdn.download.ams.birds.cornell.edu/api/v1/asset/81507711/900
https://ebird.org/species/shefra3	meta property="og:title" content="Whyte's Francolin - eBird	<link rel="image_src" href="https://cdn.download.ams.birds.cornell.edu/api/v1/asset/613679738/900
https://ebird.org/species/plawan1	meta property="og:title" content="Plains-wanderer - eBird	<link rel="image_src" href="https://cdn.download.ams.birds.cornell.edu/api/v1/asset/172575701/900
https://ebird.org/species/vihhum1	meta property="og:title" content="Violet-headed Hummingbird - eBird	<link rel="image_src" href="https://cdn.download.ams.birds.cornell.edu/api/v1/asset/41368431/900
https://ebird.org/species/hansun1	meta property="og:title" content="Handsome Sunbird - eBird	<link rel="image_src" href="https://cdn.download.ams.birds.cornell.edu/api/v1/asset/398070771/900
https://ebird.org/species/chibab2	meta property="og:title" content="Chinese Babax - eBird	<link rel="image_src" href="https://cdn.download.ams.birds.cornell.edu/api/v1/asset/185370401/900
https://ebird.org/species/wcfgle1	meta property="og:title" content="White-collared Foliage-gleaner - eBird	<link rel="image_src" href="https://cdn.download.ams.birds.cornell.edu/api/v1/asset/96400651/900
https://ebird.org/species/chwbab3	meta property="og:title" content="Gray-hooded Babbler - eBird	<link rel="image_src" href="https://cdn.download.ams.birds.cornell.edu/api/v1/asset/485553071/900
https://ebird.org/species/ou	meta property="og:title" content="Ou - eBird	<link rel="image_src" href="https://cdn.download.ams.birds.cornell.edu/api/v1/asset/25241211/900
https://ebird.org/species/gycwor1	meta property="og:title" content="Gray-cowled Wood-Rail - eBird	<link rel="image_src" href="https://cdn.download.ams.birds.cornell.edu/api/v1/asset/245276811/900
https://ebird.org/species/phipif1	meta property="og:title" content="Philippine Pied-Fantail - eBird	<link rel="image_src" href="https://cdn.download.ams.birds.cornell.edu/api/v1/asset/378983431/900
https://ebird.org/species/gybant1	meta property="og:title" content="Gray-bellied Antbird - eBird	<link rel="image_src" href="https://cdn.download.ams.birds.cornell.edu/api/v1/asset/616624643/900
https://ebird.org/species/chiger2	meta property="og:title" content="Chatham Island Gerygone - eBird	<link rel="image_src" href="https://cdn.download.ams.birds.cornell.edu/api/v1/asset/110233441/900
https://ebird.org/species/ltwbab1	meta property="og:title" content="Naga Wren-Babbler - eBird	<link rel="image_src" href="https://cdn.download.ams.birds.cornell.edu/api/v1/asset/170555801/900
https://ebird.org/species/blldac1	meta property="og:title" content="Black-legged Dacnis - eBird	<link rel="image_src" href="https://cdn.download.ams.birds.cornell.edu/api/v1/asset/83314001/900
https://ebird.org/species/rucdot1	meta property="og:title" content="Rufous-chested Dotterel - eBird	<link rel="image_src" href="https://cdn.download.ams.birds.cornell.edu/api/v1/asset/115455821/900
https://ebird.org/species/kakapo2	meta property="og:title" content="Kakapo - eBird	<link rel="image_src" href="https://cdn.download.ams.birds.cornell.edu/api/v1/asset/223521531/900
https://ebird.org/species/whbsta1	meta property="og:title" content="White-billed Starling - eBird	<link rel="image_src" href="https://cdn.download.ams.birds.cornell.edu/api/v1/asset/247029131/900
https://ebird.org/species/btstan1	meta property="og:title" content="Black-throated Shrike-Tanager - eBird	<link rel="image_src" href="https://cdn.download.ams.birds.cornell.edu/api/v1/asset/615917810/900
https://ebird.org/species/sptfly1	meta property="og:title" content="Spotted Tody-Flycatcher - eBird	<link rel="image_src" href="https://cdn.download.ams.birds.cornell.edu/api/v1/asset/173727171/900
https://ebird.org/species/dubsee1	meta property="og:title" content="Dubois's Seedeater - eBird	<link rel="image_src" href="https://cdn.download.ams.birds.cornell.edu/api/v1/asset/83213211/900
https://ebird.org/species/whbfie9	meta property="og:title" content="Tapajos Fire-eye - eBird	<link rel="image_src" href="https://cdn.download.ams.birds.cornell.edu/api/v1/asset/346521791/900
https://ebird.org/species/chbbut2	meta property="og:title" content="Chestnut-backed Buttonquail - eBird	<link rel="image_src" href="https://cdn.download.ams.birds.cornell.edu/api/v1/asset/172576241/900
https://ebird.org/species/sprgro	meta property="og:title" content="Spruce Grouse - eBird	<link rel="image_src" href="https://cdn.download.ams.birds.cornell.edu/api/v1/asset/295442571/900
https://ebird.org/species/bkewhe2	meta property="og:title" content="Eastern Black-eared Wheatear - eBird	<link rel="image_src" href="https://cdn.download.ams.birds.cornell.edu/api/v1/asset/257895831/900
https://ebird.org/species/tibsno2	meta property="og:title" content="Tibetan Snowfinch - eBird	<link rel="image_src" href="https://cdn.download.ams.birds.cornell.edu/api/v1/asset/182214491/900
https://ebird.org/species/plbeme1	meta property="og:title" content="Plain-bellied Emerald - eBird	<link rel="image_src" href="https://cdn.download.ams.birds.cornell.edu/api/v1/asset/175581141/900
https://ebird.org/species/whwfan1	meta property="og:title" content="White-winged Fantail - eBird	<link rel="image_src" href="https://cdn.download.ams.birds.cornell.edu/api/v1/asset/609091906/900
https://ebird.org/species/sumcoc1	meta property="og:title" content="Sumatran Cochoa - eBird	<link rel="image_src" href="https://cdn.download.ams.birds.cornell.edu/api/v1/asset/255230881/900
https://ebird.org/species/pernut1	meta property="og:title" content="Eastern Rock Nuthatch - eBird	<link rel="image_src" href="https://cdn.download.ams.birds.cornell.edu/api/v1/asset/589071141/900
https://ebird.org/species/fansaw1	meta property="og:title" content="Fanti Sawwing - eBird	<link rel="image_src" href="https://cdn.download.ams.birds.cornell.edu/api/v1/asset/387076671/900
https://ebird.org/species/whtrai1	meta property="og:title" content="White-throated Rail - eBird	<link rel="image_src" href="https://cdn.download.ams.birds.cornell.edu/api/v1/asset/211865951/900
https://ebird.org/species/amekes	meta property="og:title" content="American Kestrel - eBird	<link rel="image_src" href="https://cdn.download.ams.birds.cornell.edu/api/v1/asset/302366931/900
https://ebird.org/species/phgsta1	meta property="og:title" content="Purple-headed Starling - eBird	<link rel="image_src" href="https://cdn.download.ams.birds.cornell.edu/api/v1/asset/257200221/900
https://ebird.org/species/rultyr1	meta property="og:title" content="Rufous-lored Tyrannulet - eBird	<link rel="image_src" href="https://cdn.download.ams.birds.cornell.edu/api/v1/asset/322156961/900
https://ebird.org/species/indbus2	meta property="og:title" content="Indian Bushlark - eBird	<link rel="image_src" href="https://cdn.download.ams.birds.cornell.edu/api/v1/asset/149043751/900
https://ebird.org/species/aztthr	meta property="og:title" content="Aztec Thrush - eBird	<link rel="image_src" href="https://cdn.download.ams.birds.cornell.edu/api/v1/asset/243275521/900
https://ebird.org/species/whfter1	meta property="og:title" content="White-fronted Tern - eBird	<link rel="image_src" href="https://cdn.download.ams.birds.cornell.edu/api/v1/asset/117487721/900
https://ebird.org/species/amgplo	meta property="og:title" content="American Golden-Plover - eBird	<link rel="image_src" href="https://cdn.download.ams.birds.cornell.edu/api/v1/asset/297937901/900
https://ebird.org/species/sohwre1	meta property="og:title" content="Sooty-headed Wren - eBird	<link rel="image_src" href="https://cdn.download.ams.birds.cornell.edu/api/v1/asset/613606909/900
https://ebird.org/species/brosic1	meta property="og:title" content="Brown Sicklebill - eBird	<link rel="image_src" href="https://cdn.download.ams.birds.cornell.edu/api/v1/asset/274928541/900
https://ebird.org/species/bargoo	meta property="og:title" content="Barnacle Goose - eBird	<link rel="image_src" href="https://cdn.download.ams.birds.cornell.edu/api/v1/asset/161008611/900
https://ebird.org/species/eursco3	meta property="og:title" content="Cyprus Scops-Owl - eBird	<link rel="image_src" href="https://cdn.download.ams.birds.cornell.edu/api/v1/asset/346262201/900
https://ebird.org/species/burcou2	meta property="og:title" content="Burchell's Courser - eBird	<link rel="image_src" href="https://cdn.download.ams.birds.cornell.edu/api/v1/asset/218495711/900
https://ebird.org/species/hoopar1	meta property="og:title" content="Hooded Parrot - eBird	<link rel="image_src" href="https://cdn.download.ams.birds.cornell.edu/api/v1/asset/173294091/900
https://ebird.org/species/ultgro1	meta property="og:title" content="Ultramarine Grosbeak - eBird	<link rel="image_src" href="https://cdn.download.ams.birds.cornell.edu/api/v1/asset/81128861/900
https://ebird.org/species/grbwhi1	meta property="og:title" content="Green-backed Whistler - eBird	<link rel="image_src" href="https://cdn.download.ams.birds.cornell.edu/api/v1/asset/377440911/900
https://ebird.org/species/trista1	meta property="og:title" content="Tristram's Starling - eBird	<link rel="image_src" href="https://cdn.download.ams.birds.cornell.edu/api/v1/asset/140331141/900
https://ebird.org/species/vartit3	meta property="og:title" content="Chestnut-bellied Tit - eBird	<link rel="image_src" href="https://cdn.download.ams.birds.cornell.edu/api/v1/asset/85775551/900
https://ebird.org/species/gawtyr2	meta property="og:title" content="Gray-and-white Tyrannulet - eBird	<link rel="image_src" href="https://cdn.download.ams.birds.cornell.edu/api/v1/asset/207266211/900
https://ebird.org/species/dalpel1	meta property="og:title" content="Dalmatian Pelican - eBird	<link rel="image_src" href="https://cdn.download.ams.birds.cornell.edu/api/v1/asset/144004151/900
https://ebird.org/species/buffal1	meta property="og:title" content="Buckley's Forest-Falcon - eBird	<link rel="image_src" href="https://cdn.download.ams.birds.cornell.edu/api/v1/asset/320955311/900
https://ebird.org/species/whiwre1	meta property="og:title" content="Whiskered Wren - eBird	<link rel="image_src" href="https://cdn.download.ams.birds.cornell.edu/api/v1/asset/613607159/900
https://ebird.org/species/moutai2	meta property="og:title" content="Mountain Tailorbird - eBird	<link rel="image_src" href="https://cdn.download.ams.birds.cornell.edu/api/v1/asset/187385911/900
https://ebird.org/species/mosowl2	meta property="og:title" content="Mountain Scops-Owl - eBird	<link rel="image_src" href="https://cdn.download.ams.birds.cornell.edu/api/v1/asset/158686181/900
https://ebird.org/species/afrcit1	meta property="og:title" content="African Citril - eBird	<link rel="image_src" href="https://cdn.download.ams.birds.cornell.edu/api/v1/asset/248489711/900
https://ebird.org/species/pilotb1	meta property="og:title" content="Pilotbird - eBird	<link rel="image_src" href="https://cdn.download.ams.birds.cornell.edu/api/v1/asset/173648181/900
https://ebird.org/species/blypaf1	meta property="og:title" content="Blyth's Paradise-Flycatcher - eBird	<link rel="image_src" href="https://cdn.download.ams.birds.cornell.edu/api/v1/asset/177809511/900
https://ebird.org/species/rusbla	meta property="og:title" content="Rusty Blackbird - eBird	<link rel="image_src" href="https://cdn.download.ams.birds.cornell.edu/api/v1/asset/67375011/900
https://ebird.org/species/phgsta1	meta property="og:title" content="Purple-headed Starling - eBird	<link rel="image_src" href="https://cdn.download.ams.birds.cornell.edu/api/v1/asset/257200221/900
https://ebird.org/species/sbnthr1	meta property="og:title" content="Slaty-backed Nightingale-Thrush - eBird	<link rel="image_src" href="https://cdn.download.ams.birds.cornell.edu/api/v1/asset/245410631/900
https://ebird.org/species/gryjay	meta property="og:title" content="Canada Jay - eBird	<link rel="image_src" href="https://cdn.download.ams.birds.cornell.edu/api/v1/asset/70582941/900
https://ebird.org/species/rutbab1	meta property="og:title" content="Rufous-tailed Babbler - eBird	<link rel="image_src" href="https://cdn.download.ams.birds.cornell.edu/api/v1/asset/610068769/900
https://ebird.org/species/tibsan1	meta property="og:title" content="Tibetan Sandgrouse - eBird	<link rel="image_src" href="https://cdn.download.ams.birds.cornell.edu/api/v1/asset/176891111/900
https://ebird.org/species/refpar1	meta property="og:title" content="Red-fronted Parrotlet - eBird	<link rel="image_src" href="https://cdn.download.ams.birds.cornell.edu/api/v1/asset/611721563/900
https://ebird.org/species/yeclov	meta property="og:title" content="Yellow-collared Lovebird - eBird	<link rel="image_src" href="https://cdn.download.ams.birds.cornell.edu/api/v1/asset/251884811/900
https://ebird.org/species/aleter1	meta property="og:title" content="Aleutian Tern - eBird	<link rel="image_src" href="https://cdn.download.ams.birds.cornell.edu/api/v1/asset/308216461/900
https://ebird.org/species/venflo1	meta property="og:title" content="Venezuelan Flowerpiercer - eBird	<link rel="image_src" href="https://cdn.download.ams.birds.cornell.edu/api/v1/asset/174499381/900
https://ebird.org/species/scbdac1	meta property="og:title" content="Scarlet-breasted Dacnis - eBird	<link rel="image_src" href="https://cdn.download.ams.birds.cornell.edu/api/v1/asset/178819521/900
https://ebird.org/species/rebtre1	meta property="og:title" content="Red-browed Treecreeper - eBird	<link rel="image_src" href="https://cdn.download.ams.birds.cornell.edu/api/v1/asset/123614401/900
https://ebird.org/species/bulphe1	meta property="og:title" content="Bulwer's Pheasant - eBird	<link rel="image_src" href="https://cdn.download.ams.birds.cornell.edu/api/v1/asset/616581856/900
https://ebird.org/species/coffal1	meta property="og:title" content="Collared Forest-Falcon - eBird	<link rel="image_src" href="https://cdn.download.ams.birds.cornell.edu/api/v1/asset/377791741/900
https://ebird.org/species/dusfly	meta property="og:title" content="Dusky Flycatcher - eBird	<link rel="image_src" href="https://cdn.download.ams.birds.cornell.edu/api/v1/asset/301858411/900
https://ebird.org/species/battre1	meta property="og:title" content="Bar-tailed Treecreeper - eBird	<link rel="image_src" href="https://cdn.download.ams.birds.cornell.edu/api/v1/asset/169476271/900
https://ebird.org/species/blwkoo1	meta property="og:title" content="Blue-winged Kookaburra - eBird	<link rel="image_src" href="https://cdn.download.ams.birds.cornell.edu/api/v1/asset/121681491/900
https://ebird.org/species/bkttro7	meta property="og:title" content="Northern Black-throated Trogon - eBird	<link rel="image_src" href="https://cdn.download.ams.birds.cornell.edu/api/v1/asset/608757898/900
https://ebird.org/species/satsun1	meta property="og:title" content="Sao Tome Sunbird - eBird	<link rel="image_src" href="https://cdn.download.ams.birds.cornell.edu/api/v1/asset/394695511/900
https://ebird.org/species/bwrtai1	meta property="og:title" content="Blue-winged Racquet-tail - eBird	<link rel="image_src" href="https://cdn.download.ams.birds.cornell.edu/api/v1/asset/372462481/900
https://ebird.org/species/bkhpar	meta property="og:title" content="Nanday Parakeet - eBird	<link rel="image_src" href="https://cdn.download.ams.birds.cornell.edu/api/v1/asset/144014031/900
https://ebird.org/species/somgre1	meta property="og:title" content="Sombre Greenbul - eBird	<link rel="image_src" href="https://cdn.download.ams.birds.cornell.edu/api/v1/asset/219550731/900
https://ebird.org/species/lstlar2	meta property="og:title" content="Asian Short-toed Lark - eBird	<link rel="image_src" href="https://cdn.download.ams.birds.cornell.edu/api/v1/asset/371039701/900
https://ebird.org/species/shaapa2	meta property="og:title" content="Sharpe's Apalis - eBird	<link rel="image_src" href="https://cdn.download.ams.birds.cornell.edu/api/v1/asset/386303771/900
https://ebird.org/species/chbplo1	meta property="og:title" content="Chestnut-banded Plover - eBird	<link rel="image_src" href="https://cdn.download.ams.birds.cornell.edu/api/v1/asset/208966581/900
https://ebird.org/species/vereme1	meta property="og:title" content="Versicolored Emerald - eBird	<link rel="image_src" href="https://cdn.download.ams.birds.cornell.edu/api/v1/asset/76877571/900
https://ebird.org/species/madflu1	meta property="og:title" content="Madagascar Flufftail - eBird	<link rel="image_src" href="https://cdn.download.ams.birds.cornell.edu/api/v1/asset/211865701/900
https://ebird.org/species/lewhon1	meta property="og:title" content="Lewin's Honeyeater - eBird	<link rel="image_src" href="https://cdn.download.ams.birds.cornell.edu/api/v1/asset/124415331/900
https://ebird.org/species/paplor1	meta property="og:title" content="West Papuan Lorikeet - eBird	<link rel="image_src" href="https://cdn.download.ams.birds.cornell.edu/api/v1/asset/609212096/900
https://ebird.org/species/colpuf1	meta property="og:title" content="Collared Puffbird - eBird	<link rel="image_src" href="https://cdn.download.ams.birds.cornell.edu/api/v1/asset/164724351/900
https://ebird.org/species/flbflo3	meta property="og:title" content="Halmahera Flowerpecker - eBird	<link rel="image_src" href="https://cdn.download.ams.birds.cornell.edu/api/v1/asset/275720921/900
https://ebird.org/species/dabhon1	meta property="og:title" content="Dark-brown Honeyeater - eBird	<link rel="image_src" href="https://cdn.download.ams.birds.cornell.edu/api/v1/asset/374817061/900
https://ebird.org/species/palcoc1	meta property="og:title" content="Palm Cockatoo - eBird	<link rel="image_src" href="https://cdn.download.ams.birds.cornell.edu/api/v1/asset/172687041/900
https://ebird.org/species/blbpar4	meta property="og:title" content="Blue-bellied Parrot - eBird	<link rel="image_src" href="https://cdn.download.ams.birds.cornell.edu/api/v1/asset/88530401/900
https://ebird.org/species/grasal2	meta property="og:title" content="Cinnamon-bellied Saltator - eBird	<link rel="image_src" href="https://cdn.download.ams.birds.cornell.edu/api/v1/asset/350204341/900
https://ebird.org/species/cacbul1	meta property="og:title" content="Cachar Bulbul - eBird	<link rel="image_src" href="https://cdn.download.ams.birds.cornell.edu/api/v1/asset/485321491/900
https://ebird.org/species/shtsan	meta property="og:title" content="Sharp-tailed Sandpiper - eBird	<link rel="image_src" href="https://cdn.download.ams.birds.cornell.edu/api/v1/asset/107058121/900
https://ebird.org/species/ptmgem	meta property="og:title" content="Purple-throated Mountain-gem - eBird	<link rel="image_src" href="https://cdn.download.ams.birds.cornell.edu/api/v1/asset/612385380/900
https://ebird.org/species/charob1	meta property="og:title" content="Chatham Robin - eBird	<link rel="image_src" href="https://cdn.download.ams.birds.cornell.edu/api/v1/asset/110236891/900
https://ebird.org/species/pabspi1	meta property="og:title" content="Pale-breasted Spinetail - eBird	<link rel="image_src" href="https://cdn.download.ams.birds.cornell.edu/api/v1/asset/320998891/900
https://ebird.org/species/feapet1	meta property="og:title" content="Fea's Petrel - eBird	<link rel="image_src" href="https://cdn.download.ams.birds.cornell.edu/api/v1/asset/144293951/900
https://ebird.org/species/cinant1	meta property="og:title" content="Cinereous Antshrike - eBird	<link rel="image_src" href="https://cdn.download.ams.birds.cornell.edu/api/v1/asset/321589041/900
https://ebird.org/species/manhon1	meta property="og:title" content="Mangrove Honeyeater - eBird	<link rel="image_src" href="https://cdn.download.ams.birds.cornell.edu/api/v1/asset/124441511/900
https://ebird.org/species/mistyr1	meta property="og:title" content="Mishana Tyrannulet - eBird	<link rel="image_src" href="https://cdn.download.ams.birds.cornell.edu/api/v1/asset/231286941/900
https://ebird.org/species/sbfdov1	meta property="og:title" content="Scarlet-breasted Fruit-Dove - eBird	<link rel="image_src" href="https://cdn.download.ams.birds.cornell.edu/api/v1/asset/261339521/900
https://ebird.org/species/pagwar1	meta property="og:title" content="Pallas's Grasshopper Warbler - eBird	<link rel="image_src" href="https://cdn.download.ams.birds.cornell.edu/api/v1/asset/150312951/900
https://ebird.org/species/hattyr1	meta property="og:title" content="Hangnest Tody-Tyrant - eBird	<link rel="image_src" href="https://cdn.download.ams.birds.cornell.edu/api/v1/asset/95497731/900
https://ebird.org/species/blgbar1	meta property="og:title" content="Black-girdled Barbet - eBird	<link rel="image_src" href="https://cdn.download.ams.birds.cornell.edu/api/v1/asset/188313141/900
https://ebird.org/species/crwcin1	meta property="og:title" content="Cream-winged Cinclodes - eBird	<link rel="image_src" href="https://cdn.download.ams.birds.cornell.edu/api/v1/asset/114371061/900
https://ebird.org/species/blcfly2	meta property="og:title" content="Azure-crested Flycatcher - eBird	<link rel="image_src" href="https://cdn.download.ams.birds.cornell.edu/api/v1/asset/385778261/900
https://ebird.org/species/brvear1	meta property="og:title" content="Brown Violetear - eBird	<link rel="image_src" href="https://cdn.download.ams.birds.cornell.edu/api/v1/asset/53482301/900
https://ebird.org/species/bacwar	meta property="og:title" content="Bachman's Warbler - eBird	<link rel="image_src" href="https://cdn.download.ams.birds.cornell.edu/api/v1/asset/532780011/900
https://ebird.org/species/thbsis1	meta property="og:title" content="Thick-billed Siskin - eBird	<link rel="image_src" href="https://cdn.download.ams.birds.cornell.edu/api/v1/asset/115469211/900
https://ebird.org/species/fatwid1	meta property="og:title" content="Fan-tailed Widowbird - eBird	<link rel="image_src" href="https://cdn.download.ams.birds.cornell.edu/api/v1/asset/216498061/900
https://ebird.org/species/afgori2	meta property="og:title" content="African Golden Oriole - eBird	<link rel="image_src" href="https://cdn.download.ams.birds.cornell.edu/api/v1/asset/186593131/900
https://ebird.org/species/marowl2	meta property="og:title" content="Marsh Owl - eBird	<link rel="image_src" href="https://cdn.download.ams.birds.cornell.edu/api/v1/asset/614194941/900
https://ebird.org/species/dotbar1	meta property="og:title" content="Double-toothed Barbet - eBird	<link rel="image_src" href="https://cdn.download.ams.birds.cornell.edu/api/v1/asset/395937011/900
https://ebird.org/species/grwpet3	meta property="og:title" content="Great-winged Petrel - eBird	<link rel="image_src" href="https://cdn.download.ams.birds.cornell.edu/api/v1/asset/172576711/900
https://ebird.org/species/elepit6	meta property="og:title" content="Banda Sea Pitta - eBird	<link rel="image_src" href="https://cdn.download.ams.birds.cornell.edu/api/v1/asset/349628611/900
https://ebird.org/species/guafly1	meta property="og:title" content="Guam Flycatcher - eBird	<link rel="image_src" href="https://cdn.download.ams.birds.cornell.edu/api/v1/asset//900
https://ebird.org/species/pebcon1	meta property="og:title" content="Pearly-breasted Conebill - eBird	<link rel="image_src" href="https://cdn.download.ams.birds.cornell.edu/api/v1/asset/187781021/900
https://ebird.org/species/arapar1	meta property="og:title" content="Arabian Partridge - eBird	<link rel="image_src" href="https://cdn.download.ams.birds.cornell.edu/api/v1/asset/259583811/900
https://ebird.org/species/chbant1	meta property="og:title" content="Chestnut-backed Antbird - eBird	<link rel="image_src" href="https://cdn.download.ams.birds.cornell.edu/api/v1/asset/245038121/900
https://ebird.org/species/legrob1	meta property="og:title" content="Lesser Ground-Robin - eBird	<link rel="image_src" href="https://cdn.download.ams.birds.cornell.edu/api/v1/asset/459761511/900
https://ebird.org/species/spfbar1	meta property="og:title" content="Spot-flanked Barbet - eBird	<link rel="image_src" href="https://cdn.download.ams.birds.cornell.edu/api/v1/asset/240389071/900
https://ebird.org/species/snakit	meta property="og:title" content="Snail Kite - eBird	<link rel="image_src" href="https://cdn.download.ams.birds.cornell.edu/api/v1/asset/305373191/900
https://ebird.org/species/tincis3	meta property="og:title" content="Tiny Cisticola - eBird	<link rel="image_src" href="https://cdn.download.ams.birds.cornell.edu/api/v1/asset/246847331/900
https://ebird.org/species/rekdot1	meta property="og:title" content="Red-kneed Dotterel - eBird	<link rel="image_src" href="https://cdn.download.ams.birds.cornell.edu/api/v1/asset/122134151/900
https://ebird.org/species/obgthr1	meta property="og:title" content="Oberl	<link rel="image_src" href="https://cdn.download.ams.birds.cornell.edu/api/v1/asset/296516381/900
https://ebird.org/species/chiwed1	meta property="og:title" content="Chiming Wedgebill - eBird	<link rel="image_src" href="https://cdn.download.ams.birds.cornell.edu/api/v1/asset/174403001/900
https://ebird.org/species/styowl1	meta property="og:title" content="Stygian Owl - eBird	<link rel="image_src" href="https://cdn.download.ams.birds.cornell.edu/api/v1/asset/614194572/900
https://ebird.org/species/gyhbun1	meta property="og:title" content="Gray-necked Bunting - eBird	<link rel="image_src" href="https://cdn.download.ams.birds.cornell.edu/api/v1/asset/156696011/900
https://ebird.org/species/bkbmyz1	meta property="og:title" content="Black-breasted Myzomela - eBird	<link rel="image_src" href="https://cdn.download.ams.birds.cornell.edu/api/v1/asset/273602851/900
https://ebird.org/species/spbant5	meta property="og:title" content="Spot-breasted Antvireo - eBird	<link rel="image_src" href="https://cdn.download.ams.birds.cornell.edu/api/v1/asset/600263131/900
https://ebird.org/species/nigpar2	meta property="og:title" content="Night Parrot - eBird	<link rel="image_src" href="https://cdn.download.ams.birds.cornell.edu/api/v1/asset/372539901/900
https://ebird.org/species/gybsab4	meta property="og:title" content="Outcrop Sabrewing - eBird	<link rel="image_src" href="https://cdn.download.ams.birds.cornell.edu/api/v1/asset/188296131/900
https://ebird.org/species/nabant1	meta property="og:title" content="Narrow-billed Antwren - eBird	<link rel="image_src" href="https://cdn.download.ams.birds.cornell.edu/api/v1/asset/182261331/900
https://ebird.org/species/viswar1	meta property="og:title" content="Victorin's Warbler - eBird	<link rel="image_src" href="https://cdn.download.ams.birds.cornell.edu/api/v1/asset/219614771/900
https://ebird.org/species/yetsan1	meta property="og:title" content="Yellow-throated Sandgrouse - eBird	<link rel="image_src" href="https://cdn.download.ams.birds.cornell.edu/api/v1/asset/219870911/900
https://ebird.org/species/bowfin1	meta property="og:title" content="Bolivian Warbling Finch - eBird	<link rel="image_src" href="https://cdn.download.ams.birds.cornell.edu/api/v1/asset/243766281/900
https://ebird.org/species/perboo1	meta property="og:title" content="Peruvian Booby - eBird	<link rel="image_src" href="https://cdn.download.ams.birds.cornell.edu/api/v1/asset/113679361/900
https://ebird.org/species/blbpar2	meta property="og:title" content="Black-breasted Parrotbill - eBird	<link rel="image_src" href="https://cdn.download.ams.birds.cornell.edu/api/v1/asset/170515351/900
https://ebird.org/species/sthbrf8	meta property="og:title" content="Gray-browed Brushfinch - eBird	<link rel="image_src" href="https://cdn.download.ams.birds.cornell.edu/api/v1/asset/70098561/900
https://ebird.org/species/shtstr1	meta property="og:title" content="Sharp-tailed Streamcreeper - eBird	<link rel="image_src" href="https://cdn.download.ams.birds.cornell.edu/api/v1/asset/55815671/900
https://ebird.org/species/tousun1	meta property="og:title" content="Tourmaline Sunangel - eBird	<link rel="image_src" href="https://cdn.download.ams.birds.cornell.edu/api/v1/asset/70255811/900
https://ebird.org/species/rubfly3	meta property="og:title" content="Rufous-browed Flycatcher - eBird	<link rel="image_src" href="https://cdn.download.ams.birds.cornell.edu/api/v1/asset/224940531/900
https://ebird.org/species/sttful2	meta property="og:title" content="Manipur Fulvetta - eBird	<link rel="image_src" href="https://cdn.download.ams.birds.cornell.edu/api/v1/asset/170514931/900
https://ebird.org/species/tobwre1	meta property="og:title" content="Tooth-billed Wren - eBird	<link rel="image_src" href="https://cdn.download.ams.birds.cornell.edu/api/v1/asset/187769491/900
https://ebird.org/species/hobcuc1	meta property="og:title" content="Horsfield's Bronze-Cuckoo - eBird	<link rel="image_src" href="https://cdn.download.ams.birds.cornell.edu/api/v1/asset/122291591/900
https://ebird.org/species/stryuh1	meta property="og:title" content="Striated Yuhina - eBird	<link rel="image_src" href="https://cdn.download.ams.birds.cornell.edu/api/v1/asset/187386791/900
https://ebird.org/species/sosrob1	meta property="og:title" content="Southern Scrub-Robin - eBird	<link rel="image_src" href="https://cdn.download.ams.birds.cornell.edu/api/v1/asset/175194971/900
https://ebird.org/species/gobmag1	meta property="og:title" content="Yellow-billed Blue-Magpie - eBird	<link rel="image_src" href="https://cdn.download.ams.birds.cornell.edu/api/v1/asset/161564351/900
https://ebird.org/species/ducgre1	meta property="og:title" content="Dusky-capped Greenlet - eBird	<link rel="image_src" href="https://cdn.download.ams.birds.cornell.edu/api/v1/asset/174239581/900
https://ebird.org/species/gyhchi	meta property="og:title" content="Gray-headed Chickadee - eBird	<link rel="image_src" href="https://cdn.download.ams.birds.cornell.edu/api/v1/asset/54013131/900
https://ebird.org/species/yebflo1	meta property="og:title" content="Yellow-bellied Flowerpecker - eBird	<link rel="image_src" href="https://cdn.download.ams.birds.cornell.edu/api/v1/asset/182213081/900
https://ebird.org/species/goifin1	meta property="og:title" content="Gough Island Finch - eBird	<link rel="image_src" href="https://cdn.download.ams.birds.cornell.edu/api/v1/asset/377043331/900
https://ebird.org/species/clagre	meta property="og:title" content="Clark's Grebe - eBird	<link rel="image_src" href="https://cdn.download.ams.birds.cornell.edu/api/v1/asset/164017921/900
https://ebird.org/species/inagna1	meta property="og:title" content="Inambari Gnatcatcher - eBird	<link rel="image_src" href="https://cdn.download.ams.birds.cornell.edu/api/v1/asset/396194121/900
https://ebird.org/species/paplor1	meta property="og:title" content="West Papuan Lorikeet - eBird	<link rel="image_src" href="https://cdn.download.ams.birds.cornell.edu/api/v1/asset/609212096/900
https://ebird.org/species/phbwar1	meta property="og:title" content="Philippine Bush Warbler - eBird	<link rel="image_src" href="https://cdn.download.ams.birds.cornell.edu/api/v1/asset/388767071/900
https://ebird.org/species/heuwhe2	meta property="og:title" content="Heuglin's White-eye - eBird	<link rel="image_src" href="https://cdn.download.ams.birds.cornell.edu/api/v1/asset/246920561/900
https://ebird.org/species/whbswa2	meta property="og:title" content="White-banded Swallow - eBird	<link rel="image_src" href="https://cdn.download.ams.birds.cornell.edu/api/v1/asset/141909431/900
https://ebird.org/species/shalon1	meta property="og:title" content="Sharpe's Longclaw - eBird	<link rel="image_src" href="https://cdn.download.ams.birds.cornell.edu/api/v1/asset/259219811/900
https://ebird.org/species/pattin1	meta property="og:title" content="Patagonian Tinamou - eBird	<link rel="image_src" href="https://cdn.download.ams.birds.cornell.edu/api/v1/asset/107242101/900
https://ebird.org/species/whbwhe1	meta property="og:title" content="White-browed White-eye - eBird	<link rel="image_src" href="https://cdn.download.ams.birds.cornell.edu/api/v1/asset/275405211/900
https://ebird.org/species/ruthon1	meta property="og:title" content="Rufous-throated Honeyeater - eBird	<link rel="image_src" href="https://cdn.download.ams.birds.cornell.edu/api/v1/asset/125378531/900
https://ebird.org/species/sanlar1	meta property="og:title" content="Sand Lark - eBird	<link rel="image_src" href="https://cdn.download.ams.birds.cornell.edu/api/v1/asset/161565261/900
https://ebird.org/species/torcro3	meta property="og:title" content="Bismarck Crow - eBird	<link rel="image_src" href="https://cdn.download.ams.birds.cornell.edu/api/v1/asset/266619581/900
https://ebird.org/species/pemsun2	meta property="og:title" content="Pemba Sunbird - eBird	<link rel="image_src" href="https://cdn.download.ams.birds.cornell.edu/api/v1/asset/258286451/900
https://ebird.org/species/cancan1	meta property="og:title" content="Canyon Canastero - eBird	<link rel="image_src" href="https://cdn.download.ams.birds.cornell.edu/api/v1/asset/457480071/900
https://ebird.org/species/jasowl1	meta property="og:title" content="Japanese Scops-Owl - eBird	<link rel="image_src" href="https://cdn.download.ams.birds.cornell.edu/api/v1/asset/360092861/900
https://ebird.org/species/chccot1	meta property="og:title" content="Chestnut-crested Cotinga - eBird	<link rel="image_src" href="https://cdn.download.ams.birds.cornell.edu/api/v1/asset/69917491/900
https://ebird.org/species/rehblu1	meta property="og:title" content="Red-headed Bluebill - eBird	<link rel="image_src" href="https://cdn.download.ams.birds.cornell.edu/api/v1/asset/241045411/900
https://ebird.org/species/kvbsun1	meta property="og:title" content="Eastern Violet-backed Sunbird - eBird	<link rel="image_src" href="https://cdn.download.ams.birds.cornell.edu/api/v1/asset/247392801/900
https://ebird.org/species/whbtap2	meta property="og:title" content="White-browed Tapaculo - eBird	<link rel="image_src" href="https://cdn.download.ams.birds.cornell.edu/api/v1/asset/613269898/900
https://ebird.org/species/litswi1	meta property="og:title" content="Little Swift - eBird	<link rel="image_src" href="https://cdn.download.ams.birds.cornell.edu/api/v1/asset/80511821/900
https://ebird.org/species/norgre1	meta property="og:title" content="Nordmann's Greenshank - eBird	<link rel="image_src" href="https://cdn.download.ams.birds.cornell.edu/api/v1/asset/261491641/900
https://ebird.org/species/rutfog1	meta property="og:title" content="Rufous-tailed Foliage-gleaner - eBird	<link rel="image_src" href="https://cdn.download.ams.birds.cornell.edu/api/v1/asset/608577930/900
https://ebird.org/species/cecman1	meta property="og:title" content="Cerulean-capped Manakin - eBird	<link rel="image_src" href="https://cdn.download.ams.birds.cornell.edu/api/v1/asset/593405151/900
https://ebird.org/species/burshr1	meta property="og:title" content="Burmese Shrike - eBird	<link rel="image_src" href="https://cdn.download.ams.birds.cornell.edu/api/v1/asset/186468161/900
https://ebird.org/species/greior1	meta property="og:title" content="Great Iora - eBird	<link rel="image_src" href="https://cdn.download.ams.birds.cornell.edu/api/v1/asset/177809161/900
https://ebird.org/species/rudapa1	meta property="og:title" content="Rudd's Apalis - eBird	<link rel="image_src" href="https://cdn.download.ams.birds.cornell.edu/api/v1/asset/221182861/900
https://ebird.org/species/rerpar1	meta property="og:title" content="Red-rumped Parrot - eBird	<link rel="image_src" href="https://cdn.download.ams.birds.cornell.edu/api/v1/asset/123354651/900
https://ebird.org/species/wbbwea1	meta property="og:title" content="White-billed Buffalo-Weaver - eBird	<link rel="image_src" href="https://cdn.download.ams.birds.cornell.edu/api/v1/asset/247722651/900
https://ebird.org/species/forrob6	meta property="og:title" content="Olive-backed Forest Robin - eBird	<link rel="image_src" href="https://cdn.download.ams.birds.cornell.edu/api/v1/asset/608830938/900
https://ebird.org/species/whcpig2	meta property="og:title" content="White-crowned Pigeon - eBird	<link rel="image_src" href="https://cdn.download.ams.birds.cornell.edu/api/v1/asset/308079511/900
https://ebird.org/species/whlspi3	meta property="og:title" content="Araguaia Spinetail - eBird	<link rel="image_src" href="https://cdn.download.ams.birds.cornell.edu/api/v1/asset/609501540/900
https://ebird.org/species/eugplo	meta property="og:title" content="European Golden-Plover - eBird	<link rel="image_src" href="https://cdn.download.ams.birds.cornell.edu/api/v1/asset/46039241/900
https://ebird.org/species/gubter2	meta property="og:title" content="Gull-billed Tern - eBird	<link rel="image_src" href="https://cdn.download.ams.birds.cornell.edu/api/v1/asset/261484601/900
https://ebird.org/species/klaant2	meta property="og:title" content="Klages's Antbird - eBird	<link rel="image_src" href="https://cdn.download.ams.birds.cornell.edu/api/v1/asset/240689171/900
https://ebird.org/species/bbwtyr1	meta property="og:title" content="Black-backed Water-Tyrant - eBird	<link rel="image_src" href="https://cdn.download.ams.birds.cornell.edu/api/v1/asset/95499811/900
https://ebird.org/species/dabcuc1	meta property="og:title" content="Dark-billed Cuckoo - eBird	<link rel="image_src" href="https://cdn.download.ams.birds.cornell.edu/api/v1/asset/74650701/900
https://ebird.org/species/ceymyn1	meta property="og:title" content="Sri Lanka Myna - eBird	<link rel="image_src" href="https://cdn.download.ams.birds.cornell.edu/api/v1/asset/252266781/900
https://ebird.org/species/obfdov1	meta property="og:title" content="Orange-bellied Fruit-Dove - eBird	<link rel="image_src" href="https://cdn.download.ams.birds.cornell.edu/api/v1/asset/261612141/900
https://ebird.org/species/hyamac1	meta property="og:title" content="Hyacinth Macaw - eBird	<link rel="image_src" href="https://cdn.download.ams.birds.cornell.edu/api/v1/asset/188555101/900
https://ebird.org/species/stsrha2	meta property="og:title" content="Stripe-sided Rhabdornis - eBird	<link rel="image_src" href="https://cdn.download.ams.birds.cornell.edu/api/v1/asset/396200001/900
https://ebird.org/species/mobtan1	meta property="og:title" content="Moss-backed Tanager - eBird	<link rel="image_src" href="https://cdn.download.ams.birds.cornell.edu/api/v1/asset/386923101/900
https://ebird.org/species/corpip1	meta property="og:title" content="Correndera Pipit - eBird	<link rel="image_src" href="https://cdn.download.ams.birds.cornell.edu/api/v1/asset/115466381/900
https://ebird.org/species/shikra1	meta property="og:title" content="Shikra - eBird	<link rel="image_src" href="https://cdn.download.ams.birds.cornell.edu/api/v1/asset/126386591/900
https://ebird.org/species/moonig1	meta property="og:title" content="Mountain Owlet-nightjar - eBird	<link rel="image_src" href="https://cdn.download.ams.birds.cornell.edu/api/v1/asset/262354111/900
https://ebird.org/species/bubpak2	meta property="og:title" content="Black-capped Paradise-Kingfisher - eBird	<link rel="image_src" href="https://cdn.download.ams.birds.cornell.edu/api/v1/asset/263004111/900
